Aderholt,Robert,1965-07-22,M,AL,4,Republican,https://aderholt.house.gov,Robert_Aderholt,RobertAderholt,UC71CAgpg1gbLTew_pfTneGA
Amash,Justin,1980-04-18,M,MI,3,Libertarian,https://amash.house.gov,,repjustinamash,UCeg6HhoCXrS8xpON9dxtZgA
Bass,Karen,1953-10-03,F,CA,37,Democrat,https://bass.house.gov,RepKarenBass,RepKarenBass,UCQZg7oxkV3Yag2emYPLhT2g
Bilirakis,Gus,1963-02-08,M,FL,12,Republican,https://bilirakis.house.gov,RepGusBilirakis,GusBilirakis,UC2z1uu1n4-60xXs5x1mvLJw
Bishop,Rob,1951-07-13,M,UT,1,Republican,https://robbishop.house.gov,RepRobBishop,RepRobBishop,UCJC2BXNGQEUom7Tp7FKfxlQ
Bishop,Sanford,1947-02-04,M,GA,2,Democrat,https://bishop.house.gov,SanfordBishop,sanfordbishop,UCxF9veLBrkr_CqVq5eFYVGg
Blumenauer,Earl,1948-08-16,M,OR,3,Democrat,https://blumenauer.house.gov,BlumenauerMedia,,UCuziVoKuGn7feNA5VrpxsBQ
Brady,Kevin,1955-04-11,M,TX,8,Republican,https://kevinbrady.house.gov,RepKevinBrady,kevinbrady,UC6Ng0uMQEBVgXO_HF0NbfXA
Brooks,Mo,1954-04-29,M,AL,5,Republican,https://brooks.house.gov,RepMoBrooks,RepMoBrooks,UCgsPSY0MpuQJq8vEqYUSt-g
Buchanan,Vern,1951-05-08,M,FL,16,Republican,https://buchanan.house.gov,VernBuchanan,CongressmanBuchanan,UCY4DEy41NxOTdcF8_XAVZvw
Bucshon,Larry,1962-05-31,M,IN,8,Republican,https://bucshon.house.gov,RepLarryBucshon,RepLarryBucshon,UC0bIliQs0LKZabNwvZ3gnhQ
Burgess,Michael,1950-12-23,M,TX,26,Republican,https://burgess.house.gov,MichaelCBurgess,michaelcburgess,UCvvO8lo-Nkc31cEEElqQvQw
Butterfield,George,1947-04-27,M,NC,1,Democrat,https://butterfield.house.gov,GKButterfield,congressmangkbutterfield,UCbodCVgLfcbaep49L1M-mqA
Calvert,Ken,1953-06-08,M,CA,42,Republican,https://calvert.house.gov,KenCalvert,70063393423,UC5MEj7YOX_QdKoqD_HRxP3A
Carson,André,1974-10-16,M,IN,7,Democrat,https://carson.house.gov,RepAndreCarson,CongressmanAndreCarson,UCprUnnEgM2VUGmAKSaZXCSw
Carter,John,1941-11-06,M,TX,31,Republican,https://carter.house.gov,JudgeCarter,judgecarter,UC9pkaOrhPfouzkJ8oAdI-1w
Castor,Kathy,1966-08-20,F,FL,14,Democrat,https://castor.house.gov,USRepKCastor,USRepKathyCastor,UC_irxhmLqVenTFPxDxznG6g
Chabot,Steve,1953-01-22,M,OH,1,Republican,https://chabot.house.gov,RepSteveChabot,RepSteveChabot,UCJpzm2DZDE1B6ruQLQc7q4g
Chu,Judy,1953-07-07,F,CA,27,Democrat,https://chu.house.gov,RepJudyChu,RepJudyChu,UCfcbYOvdEXZNelM8T05nK-w
Cicilline,David,1961-07-15,M,RI,1,Democrat,https://cicilline.house.gov,RepCicilline,CongressmanDavidCicilline,UC3sCl46o8hYP69LnidNltuw
Clarke,Yvette,1964-11-21,F,NY,9,Democrat,https://clarke.house.gov,RepYvetteClarke,repyvettedclarke,UC8SuQiuL2P9fUHAxuRoTdUQ
Clay,Wm.,1956-07-27,M,MO,1,Democrat,https://lacyclay.house.gov,,109135405838588,UCB3yVQzlxhx3brOwaWtiXoQ
Cleaver,Emanuel,1944-10-26,M,MO,5,Democrat,https://cleaver.house.gov,RepCleaver,emanuelcleaverii,UCVC-7CLFjXczoihr5FxDLsw
Clyburn,James,1940-07-21,M,SC,6,Democrat,https://clyburn.house.gov,WhipClyburn,jameseclyburn,UCIyU_UA_JEa14gvAwhquKqg
Cohen,Steve,1949-05-24,M,TN,9,Democrat,https://cohen.house.gov,RepCohen,CongressmanSteveCohen,UC_NJlnsOBjOameUwZk0rvsA
Cole,Tom,1949-04-28,M,OK,4,Republican,https://cole.house.gov,TomColeOK04,TomColeOK04,UCvqzPm_YnNkfEHpm3SEMJMQ
Conaway,K.,1948-06-11,M,TX,11,Republican,https://conaway.house.gov,ConawayTX11,mike.conaway,UCR3dhwhVfxmmqv6ct2Xa1-g
Connolly,Gerald,1950-03-30,M,VA,11,Democrat,https://connolly.house.gov,GerryConnolly,CongressmanGerryConnolly,UC4WG9PlmoOeSLIuyVjs-RSA
Cooper,Jim,1954-06-19,M,TN,5,Democrat,https://cooper.house.gov,RepJimCooper,JimCooper,UCjplyIIQbNZcl013AyDfPNg
Costa,Jim,1952-04-13,M,CA,16,Democrat,https://costa.house.gov,RepJimCosta,RepJimCosta,UCVgXX23eJEai6GiBOKO6dvA
Courtney,Joe,1953-04-06,M,CT,2,Democrat,https://courtney.house.gov,RepJoeCourtney,joecourtney,UCGVIfe1T2hO1Lx7ap5Wkv1w
Crawford,Eric,1966-01-22,M,AR,1,Republican,https://crawford.house.gov,RepRickCrawford,RepRickCrawford,UCLKAkVl4BHRK73lmDiIgPYg
Cuellar,Henry,1955-09-19,M,TX,28,Democrat,https://cuellar.house.gov,RepCuellar,152569121550,UCVgEOdJx3tyILO9EjZ-heEQ
Davis,Danny,1941-09-06,M,IL,7,Democrat,https://davis.house.gov,RepDannyDavis,CongressmanDKDavis,UCdhrT09_XMr31tuI8OcKsjQ
Davis,Susan,1944-04-13,F,CA,53,Democrat,https://susandavis.house.gov,RepSusanDavis,RepSusanDavis,UCUni9eg-gXv8pZ2WE_YR0bg
DeFazio,Peter,1947-05-27,M,OR,4,Democrat,https://defazio.house.gov,RepPeterDeFazio,RepPeterDeFazio,UCIF3HunhsVgTv7L2grnq2Rg
DeGette,Diana,1957-07-29,F,CO,1,Democrat,https://degette.house.gov,RepDianaDeGette,DianaDeGette,UCWFQCRTHwsHg9P1Hf-EQtew
DeLauro,Rosa,1943-03-02,F,CT,3,Democrat,https://delauro.house.gov,RosaDeLauro,CongresswomanRosaDeLauro,UC9ROfGBm7kSLCEDYwFF6McQ
DesJarlais,Scott,1964-02-21,M,TN,4,Republican,https://desjarlais.house.gov,DesJarlaisTN04,ScottDesJarlaisTN04,UCvjuSLoi3hS0ECQvJLhwOkA
Deutch,Theodore,1966-05-07,M,FL,22,Democrat,https://teddeutch.house.gov,RepTedDeutch,CongressmanTedDeutch,UC1JlTLRUDkzhM2htvI9QJTA
Diaz-Balart,Mario,1961-09-25,M,FL,25,Republican,https://mariodiazbalart.house.gov,MarioDB,mdiazbalart,UCpEEd0Plxx5D78pI4a4mFTQ
Doggett,Lloyd,1946-10-06,M,TX,35,Democrat,https://doggett.house.gov,RepLloydDoggett,lloyddoggett,UCN-kiLKyHPcfRVZ28sAHS_g
Doyle,Michael,1953-08-05,M,PA,18,Democrat,https://doyle.house.gov,USRepMikeDoyle,usrepmikedoyle,UCni9vINmgerEeVXhKCC9qbA
Duncan,Jeff,1966-01-07,M,SC,3,Republican,https://jeffduncan.house.gov,RepJeffDuncan,RepJeffDuncan,UC1tuXL6ymImdpKYGEAH83QA
Engel,Eliot,1947-02-18,M,NY,16,Democrat,https://engel.house.gov,RepEliotEngel,RepEliotLEngel,UCZ-ctBF-a6CYPJWDoBV_JyA
Eshoo,Anna,1942-12-13,F,CA,18,Democrat,https://eshoo.house.gov,RepAnnaEshoo,RepAnnaEshoo,UCjRvhco2d59GBgA78IIIaYQ
Fleischmann,Charles,1962-10-11,M,TN,3,Republican,https://fleischmann.house.gov,RepChuck,repchuck,UCTtRrJkM-R-f2K0byCMvHgw
Flores,Bill,1954-02-25,M,TX,17,Republican,https://flores.house.gov,RepBillFlores,RepBillFlores,UCA7MgQ_ccBlCqoxV56B6nmA
Fortenberry,Jeff,1960-12-27,M,NE,1,Republican,https://fortenberry.house.gov,JeffFortenberry,jefffortenberry,UCbWUvw3gQhbFyJzt1Nh6cAA
Foxx,Virginia,1943-06-29,F,NC,5,Republican,https://foxx.house.gov,VirginiaFoxx,RepVirginiaFoxx,UCggineJcxJn80TRXxdQbx6w
Fudge,Marcia,1952-10-29,F,OH,11,Democrat,https://fudge.house.gov,RepMarciaFudge,RepMarciaLFudge,UClmYIIhIcL-WwtBAy1Dhokg
Garamendi,John,1945-01-24,M,CA,3,Democrat,https://garamendi.house.gov,RepGaramendi,repgaramendi,UCRym1qsO72C39gX6pBu4icg
Gibbs,Bob,1954-06-14,M,OH,7,Republican,https://gibbs.house.gov,RepBobGibbs,RepBobGibbs,UC4J-kVbeE32Up-b_wTLEUmA
Gohmert,Louie,1953-08-18,M,TX,1,Republican,https://gohmert.house.gov,RepLouieGohmert,50375006903,UC0HMa6X3iMhMq96kkRLLTog
Gosar,Paul,1958-11-22,M,AZ,4,Republican,https://gosar.house.gov,RepGosar,repgosar,UC5orqw_9acsKWSRbrqTDXBw
Granger,Kay,1943-01-18,F,TX,12,Republican,https://kaygranger.house.gov,RepKayGranger,RepKayGranger,UCsRMtemAkyLh78MPES6gMVQ
Graves,Sam,1963-11-07,M,MO,6,Republican,https://graves.house.gov,RepSamGraves,118514606128,UCdg2ybvoHsSW6t7iJnKHlNg
Green,Al,1947-09-01,M,TX,9,Democrat,https://algreen.house.gov,RepAlGreen,repalgreen,UCFtgMZm1YUXaZ8OtOj-GDjA
Griffith,H.,1958-03-15,M,VA,9,Republican,https://morgangriffith.house.gov,RepMGriffith,RepMorganGriffith,UCzxqD7EY_Rdvbc0spbaYkJA
Grijalva,Raúl,1948-02-19,M,AZ,3,Democrat,https://grijalva.house.gov,RepraulGrijalva,Rep.Grijalva,UC8JZLnXS21bhNbcvpoM8O7g
Guthrie,Brett,1964-02-18,M,KY,2,Republican,https://guthrie.house.gov,RepGuthrie,CongressmanGuthrie,UCdJhDw-YbdH0RHfWK0sIfiw
Harris,Andy,1957-01-25,M,MD,1,Republican,https://harris.house.gov,RepAndyHarrisMD,AndyHarrisMD,UCvUuV7FiJfJi1yux4qozgMg
Hartzler,Vicky,1960-10-13,F,MO,4,Republican,https://hartzler.house.gov,RepHartzler,Congresswoman.Hartzler,UCAvttUz6qBVEJiFt7p_MZxw
Hastings,Alcee,1936-09-05,M,FL,20,Democrat,https://alceehastings.house.gov,RepHastingsFL,95696782238,UCaXXiR3YjMuPIlIGRGNnm8A
Herrera Beutler,Jaime,1978-11-03,F,WA,3,Republican,https://herrerabeutler.house.gov,HerreraBeutler,herrerabeutler,UCJEgiA9clfx0amrQUj0aBTQ
Higgins,Brian,1959-10-06,M,NY,26,Democrat,https://higgins.house.gov,RepBrianHiggins,RepBrianHiggins,UCSGbv85HaaYYOrPGePtxwag
Himes,James,1966-07-05,M,CT,4,Democrat,https://himes.house.gov,JAHimes,CongressmanJimHimes,UCCeB6czh6nhCHxOMCk_V4yA
Hoyer,Steny,1939-06-14,M,MD,5,Democrat,https://hoyer.house.gov,LeaderHoyer,WhipHoyer,UCvxgqX65cdhHNjJn64cgY9g
Huizenga,Bill,1969-01-31,M,MI,2,Republican,https://huizenga.house.gov,RepHuizenga,RepHuizenga,UCQPlLLiMnysMmeJ5qUSSjQg
Jackson Lee,Sheila,1950-01-12,F,TX,18,Democrat,https://jacksonlee.house.gov,JacksonLeeTX18,CongresswomanSheilaJacksonLee,UCi_S-mOZaEco2Zb9guf_8Iw
Johnson,Bill,1954-11-10,M,OH,6,Republican,https://billjohnson.house.gov,RepBillJohnson,RepBillJohnson,UCtF08Ay71haDRoJosRN2P_Q
Johnson,Eddie,1935-12-03,F,TX,30,Democrat,https://ebjohnson.house.gov,RepEBJ,CongresswomanEBJtx30,UCVKp8BtjW708H4eXJJQgUYw
Johnson,Henry,1954-10-02,M,GA,4,Democrat,https://hankjohnson.house.gov,RepHankJohnson,115356957005,UCqMici9I7nz_i-PN7eSYjwQ
Jordan,Jim,1964-02-17,M,OH,4,Republican,https://jordan.house.gov,Jim_Jordan,repjimjordan,UCPFBhS00ivPV585GlnNlyqA
Kaptur,Marcy,1946-06-17,F,OH,9,Democrat,https://kaptur.house.gov,RepMarcyKaptur,RepresentativeMarcyKaptur,UCIJUNf22o09nO02oQPLKQ6w
Keating,William,1952-09-06,M,MA,9,Democrat,https://keating.house.gov,USRepKeating,Congressman.Keating,UC7KPV4xdxO2dms9vl6tETmg
Kelly,Mike,1948-05-10,M,PA,16,Republican,https://kelly.house.gov,MikeKellyPA,191056827594903,UCoz6u3ooQxoijsWvhoQ0D-A
Kind,Ron,1963-03-16,M,WI,3,Democrat,https://kind.house.gov,RepRonKind,repronkind,UC0_BilariURHwSHf9baGykg
King,Peter,1944-04-05,M,NY,2,Republican,https://peteking.house.gov,RepPeteKing,,UCbyQC19DsAq01oDBfZn_diw
King,Steve,1949-05-28,M,IA,4,Republican,https://steveking.house.gov,SteveKingIA,stevekingia,UCvdJ--cxsVyght3ZDise0mw
Kinzinger,Adam,1978-02-27,M,IL,16,Republican,https://kinzinger.house.gov,RepKinzinger,RepKinzinger,UCjDHxyjndxxhjuPWyEBc7UA
Lamborn,Doug,1954-05-24,M,CO,5,Republican,https://lamborn.house.gov,RepDLamborn,CongressmanDougLamborn,UCaYsGYMniq4nwBBMKFIwsow
Langevin,James,1964-04-22,M,RI,2,Democrat,https://langevin.house.gov,JimLangevin,CongressmanJimLangevin,UCQ1sth-7umw1k-fSVqdfRTg
Larsen,Rick,1965-06-15,M,WA,2,Democrat,https://larsen.house.gov,RepRickLarsen,RepRickLarsen,UCMv7LsJtiyO4AJcbRux5CxQ
Larson,John,1948-07-22,M,CT,1,Democrat,https://larson.house.gov,RepJohnLarson,RepJohnLarson,UCGPsvFF-9WfpdRSCcCrPLiQ
Latta,Robert,1956-04-18,M,OH,5,Republican,https://latta.house.gov,BobLatta,boblatta,UCVSBVHoWu-eWnBBQaMKZ_sQ
Lee,Barbara,1946-07-16,F,CA,13,Democrat,https://lee.house.gov,RepBarbaraLee,RepBarbaraLee,UCnRgK2MXAQOUau0JXqseeNA
Lipinski,Daniel,1966-07-15,M,IL,3,Democrat,https://lipinski.house.gov,RepLipinski,repdanlipinski,UC4-dyxzIODTMk1-12QPEpoQ
Loebsack,David,1952-12-23,M,IA,2,Democrat,https://loebsack.house.gov,DaveLoebsack,DaveLoebsack,UC0biZWEJAKHctxbmXfXJnOg
Lofgren,Zoe,1947-12-21,F,CA,19,Democrat,https://lofgren.house.gov,RepZoeLofgren,zoelofgren,UCOaQ79adORFcaTuJZoIFuZQ
Long,Billy,1955-08-11,M,MO,7,Republican,https://long.house.gov,USRepLong,Rep.Billy.Long,UCLQcbyxpHXXAsUJckscQY8g
Lowey,Nita,1937-07-05,F,NY,17,Democrat,https://lowey.house.gov,NitaLowey,RepLowey,UCkmeBYqhbomcWNNWzQCqcbg
Lucas,Frank,1960-01-06,M,OK,3,Republican,https://lucas.house.gov,RepFrankLucas,RepFrankLucas,UCdYZbKY8pkWAThqwC3fdVMg
Luetkemeyer,Blaine,1952-05-07,M,MO,3,Republican,https://luetkemeyer.house.gov,RepBlaine,BlaineLuetkemeyer,UCifiiQclKbBBrkSbCnN6REg
Luján,Ben,1972-06-07,M,NM,3,Democrat,https://lujan.house.gov,RepBenRayLujan,RepBenRayLujan,UCcO5AmF8HuJo4d0awEbst7Q
Lynch,Stephen,1955-03-31,M,MA,8,Democrat,https://lynch.house.gov,RepStephenLynch,repstephenlynch,UCxL4zG0YWqC5XTO4af_FOgw
Maloney,Carolyn,1946-02-19,F,NY,12,Democrat,https://maloney.house.gov,RepMaloney,RepCarolynMaloney,
Marchant,Kenny,1951-02-23,M,TX,24,Republican,https://marchant.house.gov,RepKenMarchant,RepKennyMarchant,UCQpnTMp5TdTRWEes8cjIfyQ
Matsui,Doris,1944-09-25,F,CA,6,Democrat,https://matsui.house.gov,DorisMatsui,doris.matsui,UCSqqxVkvskHq3cY2MCbTZsw
McCarthy,Kevin,1965-01-26,M,CA,23,Republican,https://kevinmccarthy.house.gov,GOPLeader,CongressmanKevinMcCarthy,UCdJUZUFSLJRlUpE-91-6DsA
McCaul,Michael,1962-01-14,M,TX,10,Republican,https://mccaul.house.gov,RepMcCaul,michaeltmccaul,UCRw6sGE0PH7_FCeTT3PQRaA
McClintock,Tom,1956-07-10,M,CA,4,Republican,https://mcclintock.house.gov,RepMcClintock,81125319109,UCMh04KC4LfIzKoXh2Xws_pw
McCollum,Betty,1954-07-12,F,MN,4,Democrat,https://mccollum.house.gov,BettyMcCollum04,repbettymccollum,UC3sZJSdiZo2EBHbsOlsnI7A
McGovern,James,1959-11-20,M,MA,2,Democrat,https://mcgovern.house.gov,RepMcGovern,RepJimMcGovern,UCpiUqp2ZF64tXqgR_EQo27g
McHenry,Patrick,1975-10-22,M,NC,10,Republican,https://mchenry.house.gov,PatrickMcHenry,CongressmanMcHenry,UCY3PTRhkSH-eoltxPVZKD-w
McKinley,David,1947-03-28,M,WV,1,Republican,https://mckinley.house.gov,RepMcKinley,RepMcKinley,UCt7BWx4b8ubXa-PneAu103g
McMorris Rodgers,Cathy,1969-05-22,F,WA,5,Republican,https://mcmorris.house.gov,CathyMcMorris,mcmorrisrodgers,UCRp0lwIxAhq2Ia9_YgRWUkg
McNerney,Jerry,1951-06-18,M,CA,9,Democrat,https://mcnerney.house.gov,RepMcNerney,jerrymcnerney,UClUOx6F8GKshxGBUBLkisug
Meeks,Gregory,1953-09-25,M,NY,5,Democrat,https://meeks.house.gov,RepGregoryMeeks,gregorymeeksny05,UCljJnwgQS6Z6-NypDyqKJZQ
Moore,Gwen,1951-04-18,F,WI,4,Democrat,https://gwenmoore.house.gov,RepGwenMoore,GwenSMoore,UCCs9o1XaSsCsqNpO0iO0_Ew
Nadler,Jerrold,1947-06-13,M,NY,10,Democrat,https://nadler.house.gov,RepJerryNadler,CongressmanNadler,UCQKj0qU1e7o2f5ftSh-c9aQ
Napolitano,Grace,1936-12-04,F,CA,32,Democrat,https://napolitano.house.gov,GraceNapolitano,RepGraceNapolitano,UCPWjmiAIR04oQ8QMoOWcDtA
Neal,Richard,1949-02-14,M,MA,1,Democrat,https://neal.house.gov,RepRichardNeal,reprichardneal,UCZVtTydu0-MSK6G12GaKA4g
Norton,Eleanor,1937-06-13,F,DC,0,Democrat,https://norton.house.gov,EleanorNorton,CongresswomanNorton,UChRrAXUGylfxJjbquC6aUjQ
Nunes,Devin,1973-10-01,M,CA,22,Republican,https://nunes.house.gov,RepDevinNunes,,UCtbArL6CmOfFqgmpuRjLp3w
Olson,Pete,1962-12-09,M,TX,22,Republican,https://olson.house.gov,RepPeteOlson,Rep.PeteOlson,
Palazzo,Steven,1970-02-21,M,MS,4,Republican,https://palazzo.house.gov,CongPalazzo,stevenpalazzo,UCtPOy2vRbN2nD8dQPSOTXeA
Pallone,Frank,1951-10-30,M,NJ,6,Democrat,https://pallone.house.gov,FrankPallone,repfrankpallone,UCN0_wn9hs1LI3UKkji2PP2A
Pascrell,Bill,1937-01-25,M,NJ,9,Democrat,https://pascrell.house.gov,BillPascrell,pascrell,UCIy1Ru8oA14aRjpq6L3i-EQ
Pelosi,Nancy,1940-03-26,F,CA,12,Democrat,https://pelosi.house.gov,SpeakerPelosi,NancyPelosi,UCxPeEcH0xaCK9nBK98EFhDg
Perlmutter,Ed,1953-05-01,M,CO,7,Democrat,https://perlmutter.house.gov,RepPerlmutter,RepPerlmutter,UCJXuMAzxngpEvDdvlE6wS5g
Peterson,Collin,1944-06-29,M,MN,7,Democrat,https://collinpeterson.house.gov,,,
Pingree,Chellie,1955-04-02,F,ME,1,Democrat,https://pingree.house.gov,ChelliePingree,ChelliePingree,UCLKaWFM7I84WcreDRhhhkVg
Posey,Bill,1947-12-18,M,FL,8,Republican,https://posey.house.gov,CongBillPosey,bill.posey15,UCoUwUkDpe1ZYd6tiaZfiMuA
Price,David,1940-08-17,M,NC,4,Democrat,https://price.house.gov,RepDavidEPrice,RepDavidEPrice,UCtX7bSXBLF9ge-Q955n5Vqw
Quigley,Mike,1958-10-17,M,IL,5,Democrat,https://quigley.house.gov,RepMikeQuigley,repmikequigley,UCDP13XegdoZ4bxYHxM34yAA
Reed,Tom,1971-11-18,M,NY,23,Republican,https://reed.house.gov,RepTomReed,RepTomReed,UC-HFEKIHC7ydVUkxkZOLqTg
Richmond,Cedric,1973-09-13,M,LA,2,Democrat,https://richmond.house.gov,RepRichmond,RepRichmond,UCsB66Dq8sCGwr5K3g1kqTrA
Roby,Martha,1976-07-27,F,AL,2,Republican,https://roby.house.gov,RepMarthaRoby,Representative.Martha.Roby,UCeAWQdcSTlwv2vDGz0TQOxQ
Roe,David,1945-07-21,M,TN,1,Republican,https://roe.house.gov,DrPhilRoe,DrPhilRoe,UC8muYurPSNO8x2Qqk40mVOA
Rogers,Harold,1937-12-31,M,KY,5,Republican,https://halrogers.house.gov,RepHalRogers,CongressmanHalRogers,UChVFKLZkRoHQDhp4zNvEezQ
Rogers,Mike,1958-07-16,M,AL,3,Republican,https://mikerogers.house.gov,RepMikeRogersAL,CongressmanMikeDRogers,UCH-WUWuY0_dlKwJDSqKTJsg
Roybal-Allard,Lucille,1941-06-12,F,CA,40,Democrat,https://roybal-allard.house.gov,RepRoybalAllard,RepRoybalAllard,UC_T_RXWeJ-smmpjdNLOaMcg
Ruppersberger,C.,1946-01-31,M,MD,2,Democrat,https://ruppersberger.house.gov,Call_Me_Dutch,DutchRupp,UCk2S9iSHNpo1E1A7qZ0SPIw
Rush,Bobby,1946-11-23,M,IL,1,Democrat,https://rush.house.gov,RepBobbyRush,congressmanbobbyrush,UCbWqxBnS_w_uFTdQAL0YH5g
Ryan,Tim,1973-07-16,M,OH,13,Democrat,https://timryan.house.gov,RepTimRyan,timryan,UCjAFlYCheFKjGg_Pxc2VOFA
Sablan,Gregorio,1955-01-19,M,MP,0,Democrat,https://sablan.house.gov,Kilili_Sablan,153423912663,UC-fbzxBSiC98eAE2goaANVQ
Sarbanes,John,1962-05-22,M,MD,3,Democrat,https://sarbanes.house.gov,RepSarbanes,RepSarbanes,UCCypi0IDTr-XxlAXsJCdBZQ
Scalise,Steve,1965-10-06,M,LA,1,Republican,https://scalise.house.gov,SteveScalise,RepSteveScalise,UCmYveHBVXVBRxl7GiCL-gjw
Schakowsky,Janice,1944-05-26,F,IL,9,Democrat,https://schakowsky.house.gov,JanSchakowsky,janschakowsky,UCuCHHPSENUEaaeH8n_CYDXQ
Schiff,Adam,1960-06-22,M,CA,28,Democrat,https://schiff.house.gov,RepAdamSchiff,RepAdamSchiff,UCadiUi-KZoFk1K5ZDsluLcA
Schrader,Kurt,1951-10-19,M,OR,5,Democrat,https://schrader.house.gov,RepSchrader,repschrader,UCrWRXVaGJtcImc_kknuDsAw
Schweikert,David,1962-03-03,M,AZ,6,Republican,https://schweikert.house.gov,RepDavid,repdavidschweikert,UCVvuNVzkOUp7p_Pzkc6Zuvw
Scott,Austin,1969-12-10,M,GA,8,Republican,https://austinscott.house.gov,AustinScottGA08,RepAustinScott,UC5M7eKHKQStktMyjieiHYZQ
Scott,David,1945-06-27,M,GA,13,Democrat,https://davidscott.house.gov,RepDavidScott,113303673339,UCgf28zRkLSqAUiPuJhGdF0w
Scott,Robert,1947-04-30,M,VA,3,Democrat,https://bobbyscott.house.gov,BobbyScott,RepBobbyScott,UCdNNcpw8arCsUp55JwK_QAA
Sensenbrenner,F.,1943-06-14,M,WI,5,Republican,https://sensenbrenner.house.gov,JimPressOffice,RepSensenbrenner,UCUNfNsc2CVsqivJ2wThQF6A
Serrano,José,1943-10-24,M,NY,15,Democrat,https://serrano.house.gov,RepJoseSerrano,RepJoseSerrano,
Sewell,Terri,1965-01-01,F,AL,7,Democrat,https://sewell.house.gov,RepTerriSewell,RepSewell,UCHkEHtfrfUWOFtbUFQTQH7Q
Sherman,Brad,1954-10-24,M,CA,30,Democrat,https://sherman.house.gov,BradSherman,63158229861,UCPisrz6-SLwVy2l9Mcy8kug
Shimkus,John,1958-02-21,M,IL,15,Republican,https://shimkus.house.gov,RepShimkus,repshimkus,UCVXSvuk-csQRKBI0oPzcEnw
Simpson,Michael,1950-09-08,M,ID,2,Republican,https://simpson.house.gov,CongMikeSimpson,96007744606,UCNXe0rJJeULTAP_7oyQNw8g
Sires,Albio,1951-01-26,M,NJ,8,Democrat,https://sires.house.gov,RepSires,81058818750,UCfdEcWPNGoIxpYoTANF4PBA
Smith,Adam,1965-06-15,M,WA,9,Democrat,https://adamsmith.house.gov,RepAdamSmith,RepAdamSmith,UCcrHso483LOfC6WwDnzAh-g
Smith,Adrian,1970-12-19,M,NE,3,Republican,https://adriansmith.house.gov,RepAdrianSmith,,UCIgn2z-hwxx_aeggnyhv54Q
Smith,Christopher,1953-03-04,M,NJ,4,Republican,https://chrissmith.house.gov,RepChrisSmith,RepChrisSmith,UCtCNUDo3-I1gsd_03ppDfZg
Speier,Jackie,1950-05-14,F,CA,14,Democrat,https://speier.house.gov,RepSpeier,JackieSpeier,UCevmyTb0HSO8irVaR2gYyoA
Stivers,Steve,1965-03-24,M,OH,15,Republican,https://stivers.house.gov,RepSteveStivers,116058275133542,UCfZrE20pIcR-LeFUV7r2Ixw
Sánchez,Linda,1969-01-28,F,CA,38,Democrat,https://lindasanchez.house.gov,RepLindaSanchez,CongresswomanLindaSanchez,UCu1K6uHxjMgj2mvzM7O9-ow
Thompson,Bennie,1948-01-28,M,MS,2,Democrat,https://benniethompson.house.gov,BennieGThompson,CongressmanBennieGThompson,UCzt2pBxh0dI24kYrWretXRw
Thompson,Mike,1951-01-24,M,CA,5,Democrat,https://mikethompson.house.gov,RepThompson,RepMikeThompson,UC6pGbtqHZYZmScFGSz5bbdg
Thompson,Glenn,1959-07-27,M,PA,15,Republican,https://thompson.house.gov,CongressmanGT,CongressmanGT,UCNWX7lbWWvnNdzVMFI9DRiQ
Thornberry,Mac,1958-07-15,M,TX,13,Republican,https://thornberry.house.gov,MacTXPress,repmacthornberry,UCIfCqubtIZnQDwDS8YNmL2A
Tipton,Scott,1956-11-09,M,CO,3,Republican,https://tipton.house.gov,RepTipton,CongressmanScottTipton,UCh9ssh1dvzpr1HOWaFm8rcg
Tonko,Paul,1949-06-18,M,NY,20,Democrat,https://tonko.house.gov,RepPaulTonko,reppaultonko,UC3P2SGFmmuCYRsjeso0hOQQ
Turner,Michael,1960-01-11,M,OH,10,Republican,https://turner.house.gov,RepMikeTurner,RepMikeTurner,UC-6Ss-aZ3OPisf9GdVGtN8g
Upton,Fred,1953-04-23,M,MI,6,Republican,https://upton.house.gov,RepFredUpton,RepFredUpton,UCsN16IzEo4ViZNEMgeCrQ7w
Velázquez,Nydia,1953-03-28,F,NY,7,Democrat,https://velazquez.house.gov,NydiaVelazquez,8037068318,UCqMKPkKeeHFOOiZ9vxhXGVg
Visclosky,Peter,1949-08-13,M,IN,1,Democrat,https://visclosky.house.gov,RepVisclosky,repvisclosky,UC9njNo6tTComo9Kn7imz7Mg
Walberg,Tim,1951-04-12,M,MI,7,Republican,https://walberg.house.gov,RepWalberg,RepWalberg,UChpf3_3Wn8f3qSJbsYXrhvg
Walden,Greg,1957-01-10,M,OR,2,Republican,https://walden.house.gov,RepGregWalden,repgregwalden,UCyaDp6ANSM9tvW7Y3LT_4KQ
Wasserman Schultz,Debbie,1966-09-27,F,FL,23,Democrat,https://wassermanschultz.house.gov,RepDWStweets,RepDWS,UCfHQiJVvMlYbVAxrMSLdO4w
Waters,Maxine,1938-08-15,F,CA,43,Democrat,https://waters.house.gov,RepMaxineWaters,MaxineWaters,UCOQ2js1VYFlo74n7Ns8WsLQ
Webster,Daniel,1949-04-27,M,FL,11,Republican,https://webster.house.gov,RepWebster,RepWebster,UCCoX4VdU7U11eGEA0lbRtLw
Welch,Peter,1947-05-02,M,VT,0,Democrat,https://welch.house.gov,PeterWelch,PeterWelch,UC0YfApJx6qNaAQ-ir93U8xA
Wilson,Joe,1947-07-31,M,SC,2,Republican,https://joewilson.house.gov,RepJoeWilson,JoeWilson,UC3aR1B8m7Z1uycO65yDnpCg
Wilson,Frederica,1942-11-05,F,FL,24,Democrat,https://wilson.house.gov,RepWilson,RepWilson,UCP5QBhng_lHv-vJgE_h7lpA
Wittman,Robert,1959-02-03,M,VA,1,Republican,https://wittman.house.gov,RobWittman,RepRobWittman,UCIqIb-OaTbkIdU426eYIdPg
Womack,Steve,1957-02-18,M,AR,3,Republican,https://womack.house.gov,Rep_SteveWomack,RepSteveWomack,UCXJbUDLYX-wGIhRuN66hqZw
Woodall,Rob,1970-02-11,M,GA,7,Republican,https://woodall.house.gov,RepRobWoodall,RepRobWoodall,UC7MSlu8zV6Mf8wYzek2Cb-w
Yarmuth,John,1947-11-04,M,KY,3,Democrat,https://yarmuth.house.gov,RepJohnYarmuth,214258646163,UCy5KW4yrEfEiyZRX45Eoxkg
Young,Don,1933-06-09,M,AK,0,Republican,https://donyoung.house.gov,RepDonYoung,RepDonYoung,UCg5ZIR5-82EbJiNeI1bqT-A
Amodei,Mark,1958-06-12,M,NV,2,Republican,https://amodei.house.gov,MarkAmodeiNV2,MarkAmodeiNV2,UCjOGx2iqSn1r3BQxaVgYhYw
Bonamici,Suzanne,1954-10-14,F,OR,1,Democrat,https://bonamici.house.gov,RepBonamici,congresswomanbonamici,UC0IkAeEiwgzSRTD1TDSvuBw
DelBene,Suzan,1962-02-17,F,WA,1,Democrat,https://delbene.house.gov,RepDelBene,RepDelBene,UCd00b7TpKDZIr-Ujhaktvjg
Massie,Thomas,1971-01-13,M,KY,4,Republican,https://massie.house.gov,RepThomasMassie,RepThomasMassie,UCpmXOtvvXC3GE8o9VxYNK7g
Payne,Donald,1958-12-17,M,NJ,10,Democrat,https://payne.house.gov,RepDonaldPayne,DonaldPayneJr,UCTG_SeYsOgbngjv1Donyu0w
Foster,Bill,1955-10-07,M,IL,11,Democrat,https://foster.house.gov,RepBillFoster,CongressmanBillFoster,UCicixINQr_-3cFHI2bJzFpQ
Titus,Dina,1950-05-23,F,NV,1,Democrat,https://titus.house.gov,RepDinaTitus,CongresswomanTitus,UC_US4jNqECuMSNrB7yVCbbw
LaMalfa,Doug,1960-07-02,M,CA,1,Republican,https://lamalfa.house.gov,RepLaMalfa,RepLaMalfa,UCUzz1XDn862fxirervSB2Yw
Huffman,Jared,1964-02-18,M,CA,2,Democrat,https://huffman.house.gov,RepHuffman,RepHuffman,UCJU6SP1ppp1ZhSiqZLiFgDA
Bera,Ami,1965-03-02,M,CA,7,Democrat,https://bera.house.gov,RepBera,RepAmiBera,UClJCTCo53Zk6b4kUL-bbdzg
Cook,Paul,1943-03-03,M,CA,8,Republican,https://cook.house.gov,RepPaulCook,RepPaulCook,UCqK--hf5cuvg7BR_oisyRiA
Swalwell,Eric,1980-11-16,M,CA,15,Democrat,https://swalwell.house.gov,RepSwalwell,CongressmanEricSwalwell,UCKvwsFNGD4sDkE_9g-2ft0w
Brownley,Julia,1952-08-28,F,CA,26,Democrat,https://juliabrownley.house.gov,RepBrownley,RepJuliaBrownley,UCFrC4Ouk5R6xQztS9PZin_A
Cárdenas,Tony,1963-03-31,M,CA,29,Democrat,https://cardenas.house.gov,RepCardenas,repcardenas,UCm6ug1-yvYGL0F6DvYxfFBA
Ruiz,Raul,1972-08-25,M,CA,36,Democrat,https://ruiz.house.gov,RepRaulRuizMD,CongressmanRaulRuizMD,UCSDk-cyNPCo1iy6rweSPmBw
Takano,Mark,1960-12-10,M,CA,41,Democrat,https://takano.house.gov,RepMarkTakano,RepMarkTakano,UCJg4F1irmSFeKoXZBaZbX2w
Lowenthal,Alan,1941-03-08,M,CA,47,Democrat,https://lowenthal.house.gov,RepLowenthal,RepLowenthal,UC-GgROtn5Hxm1H9a6qvy_Wg
Vargas,Juan,1961-03-07,M,CA,51,Democrat,https://vargas.house.gov,RepJuanVargas,RepJuanVargas,UCpMthf8y7bEMJH_td0dznRQ
Peters,Scott,1958-06-17,M,CA,52,Democrat,https://scottpeters.house.gov,RepScottPeters,RepScottPeters,UCQK77QJxW7Xr-S3zqeMd-0g
Yoho,Ted,1955-04-13,M,FL,3,Republican,https://yoho.house.gov,RepTedYoho,CongressmanTedYoho,UCGmDQgEgP2Z0NjavmnS9Hwg
Frankel,Lois,1948-05-16,F,FL,21,Democrat,https://frankel.house.gov,RepLoisFrankel,RepLoisFrankel,UCEk5viAhxaW_2OK20-yBwzQ
Collins,Doug,1966-08-16,M,GA,9,Republican,https://dougcollins.house.gov,RepDougCollins,RepresentativeDougCollins,UCgKTZXOJX2UwAdLNZ4MQdig
Gabbard,Tulsi,1981-04-12,F,HI,2,Democrat,https://gabbard.house.gov,TulsiPress,RepTulsiGabbard,UCkQmC0YfIU4388Tu0_k4esA
Davis,Rodney,1970-01-05,M,IL,13,Republican,https://rodneydavis.house.gov,RodneyDavis,RepRodneyDavis,UCiGPTfpwRxqQp0Bam5S8zwA
Bustos,Cheri,1961-10-17,F,IL,17,Democrat,https://bustos.house.gov,RepCheri,RepCheri,UCrkOYuIsVeb4dvKeeO7jnaA
Walorski,Jackie,1963-08-17,F,IN,2,Republican,https://walorski.house.gov,RepWalorski,RepJackieWalorski,UC8fsSDjVJ_VnCF3ccx3Lkng
Brooks,Susan,1960-08-25,F,IN,5,Republican,https://susanwbrooks.house.gov,SusanWBrooks,congresswomansusanwbrooks,UCMd7LzaBcbQ06aKHoj9KkSQ
Barr,Garland,1973-07-24,M,KY,6,Republican,https://barr.house.gov,RepAndyBarr,RepAndyBarr,UCVL2s6x7f7H0ZJ-uwU0pQ6Q
Kennedy,Joseph,1980-10-04,M,MA,4,Democrat,https://kennedy.house.gov,RepJoeKennedy,301936109927957,UCgfHlaGqxD8p-2V_YlNIqrA
Kildee,Daniel,1958-08-11,M,MI,5,Democrat,https://dankildee.house.gov,RepDanKildee,RepDanKildee,UC_KpQ-n3IT5dL5ul21XA9Yw
Wagner,Ann,1962-09-13,F,MO,2,Republican,https://wagner.house.gov,RepAnnWagner,RepAnnWagner,UCy2v2DXXvQnbRc8Zx77Dnsg
Hudson,Richard,1971-11-04,M,NC,8,Republican,https://hudson.house.gov,RepRichHudson,RepRichHudson,UC9Q1qCvnQR7rHERjTjJl5Pg
Holding,George,1968-04-17,M,NC,2,Republican,https://holding.house.gov,RepHolding,CongressmanGeorgeHolding,UCx6IgBfJmIhXSXymnPr78hw
Kuster,Ann,1956-09-05,F,NH,2,Democrat,https://kuster.house.gov,RepAnnieKuster,CongresswomanAnnieKuster,UCYAD_Eti2b5gXSicbgPsBYA
Meng,Grace,1975-10-01,F,NY,6,Democrat,https://meng.house.gov,RepGraceMeng,repgracemeng,UCHg516zJKbIBtXFAJ0nu3XQ
Jeffries,Hakeem,1970-08-04,M,NY,8,Democrat,https://jeffries.house.gov,RepJeffries,RepHakeemJeffries,UCYVmbsjoNbQ4j-PCQIYgpWQ
Maloney,Sean,1966-07-30,M,NY,18,Democrat,https://seanmaloney.house.gov,RepSeanMaloney,RepSeanMaloney,UCNiVzzf4Vz-vCMPBcnjGuXQ
Wenstrup,Brad,1958-06-17,M,OH,2,Republican,https://wenstrup.house.gov,RepBradWenstrup,RepBradWenstrup,UCaK7SeUvmHdHTMtF3HXb-jA
Beatty,Joyce,1950-03-12,F,OH,3,Democrat,https://beatty.house.gov,RepBeatty,RepJoyceBeatty,UCtVl3kb7Xvt3pY7l6x-M6LA
Joyce,David,1957-03-17,M,OH,14,Republican,https://joyce.house.gov,RepDaveJoyce,RepDaveJoyce,UCTu9xz2VYk-jtQv0TVsLyYA
Mullin,Markwayne,1977-07-26,M,OK,2,Republican,https://mullin.house.gov,RepMullin,RepMullin,UCLQlm-cbGbJj9baZC6oFsag
Perry,Scott,1962-05-27,M,PA,10,Republican,https://perry.house.gov,RepScottPerry,repscottperry,UCzgrU5PT_HHRgf5hXPen4dQ
Cartwright,Matthew,1961-05-01,M,PA,8,Democrat,https://cartwright.house.gov,RepCartwright,CongressmanMattCartwright,UCnAOvexSGLBnYidaFzguhTQ
Rice,Tom,1957-08-04,M,SC,7,Republican,https://rice.house.gov,RepTomRice,reptomrice,UCEmPVQphMGoXAfWJli68BEw
Weber,Randy,1953-07-02,M,TX,14,Republican,https://weber.house.gov,TXRandy14,TXRandy14,UCJSZRrAcd5i1bHLjR66PZdg
Castro,Joaquin,1974-09-16,M,TX,20,Democrat,https://castro.house.gov,JoaquinCastrotx,326420614138023,UCsRxWnFdRiV2od1O5v5nEeQ
Williams,Roger,1949-09-13,M,TX,25,Republican,https://williams.house.gov,RepRWilliams,RepRogerWilliams,UCBtfmMMQarjtLB9U_pWMOhw
Veasey,Marc,1971-01-03,M,TX,33,Democrat,https://veasey.house.gov,RepVeasey,CongressmanMarcVeasey,UC2CRp1KF5uljZyhDRPR-72Q
Vela,Filemon,1963-02-13,M,TX,34,Democrat,https://vela.house.gov,RepFilemonVela,USCongressmanFilemonVela,
Stewart,Chris,1960-07-15,M,UT,2,Republican,https://stewart.house.gov,RepChrisStewart,RepChrisStewart,UCKYqzTvmQVWys-WhrCkbyPw
Kilmer,Derek,1974-01-01,M,WA,6,Democrat,https://kilmer.house.gov,RepDerekKilmer,derek.kilmer,
Heck,Denny,1952-07-29,M,WA,10,Democrat,https://dennyheck.house.gov,RepDennyHeck,CongressmanDennyHeck,UCU89cl5_yhHzo-oTHiEyaRg
Pocan,Mark,1964-08-14,M,WI,2,Democrat,https://pocan.house.gov,RepMarkPocan,repmarkpocan,UCz5b47WER_u3dUGV_Zi70dQ
Kelly,Robin,1956-04-30,F,IL,2,Democrat,https://robinkelly.house.gov,RepRobinKelly,reprobinkelly,UCLhcNPX2nNQLNzwKW0nEykg
Smith,Jason,1980-06-16,M,MO,8,Republican,https://jasonsmith.house.gov,RepJasonSmith,repjasonsmith,UCzj9-27Lr4gcqopmZAobXXg
Clark,Katherine,1963-07-17,F,MA,5,Democrat,https://katherineclark.house.gov,RepKClark,CongresswomanClark,UCgaI52w7QKI8LtkSeCCmSuw
Byrne,Bradley,1955-02-16,M,AL,1,Republican,https://byrne.house.gov,RepByrne,RepByrne,UCRUXmqQbrKo0T6xi_GT7TEA
Norcross,Donald,1958-12-13,M,NJ,1,Democrat,https://norcross.house.gov,DonaldNorcross,DonaldNorcrossNJ,UC7kXK_PyDiOT8YrdP0jYZHw
Adams,Alma,1946-05-27,F,NC,12,Democrat,https://adams.house.gov,RepAdams,CongresswomanAdams,UCPI9ao1Cr1nxEUD2r-usRjQ
Palmer,Gary,1954-05-14,M,AL,6,Republican,https://palmer.house.gov,USRepGaryPalmer,CongressmanGaryPalmer,UCYZfP-cNIvlJY3AcAc9OPpQ
Hill,French,1956-12-05,M,AR,2,Republican,https://hill.house.gov,RepFrenchHill,RepFrenchHill,UCT8uWroJtkwSsCJlVg0IKvQ
Westerman,Bruce,1967-11-18,M,AR,4,Republican,https://westerman.house.gov,RepWesterman,RepWesterman,UCNshPbmupCwP5a7Hi79jETQ
Gallego,Ruben,1979-11-20,M,AZ,7,Democrat,https://rubengallego.house.gov,RepRubenGallego,RepRubenGallego,
DeSaulnier,Mark,1952-03-31,M,CA,11,Democrat,https://desaulnier.house.gov,RepDeSaulnier,RepMarkDeSaulnier,
Aguilar,Pete,1979-06-19,M,CA,31,Democrat,https://aguilar.house.gov,reppeteaguilar,reppeteaguilar,UCxwbFLOlKDsXrwizV5jah7g
Lieu,Ted,1969-03-29,M,CA,33,Democrat,https://lieu.house.gov,RepTedLieu,RepTedLieu,UC9qcJxTqfDNBnVul1IojlFg
Torres,Norma,1965-04-04,F,CA,35,Democrat,https://torres.house.gov,NormaJTorres,RepNormaTorres,UCvWY4qKP6--o3pIJY7hhKDg
Buck,Ken,1959-02-16,M,CO,4,Republican,https://buck.house.gov,RepKenBuck,repkenbuck,UCHK7Wcwij7NoxXGTeSHUWzg
Carter,Buddy,1957-09-06,M,GA,1,Republican,https://buddycarter.house.gov,RepBuddyCarter,congressmanbuddycarter,UCHQm49T6ikD_ioMAt50AwKQ
Hice,Jody,1960-04-22,M,GA,10,Republican,https://hice.house.gov,congressmanhice,CongressmanJodyHice,UCzUMsS8DusN2QLpgweFthgQ
Loudermilk,Barry,1963-12-22,M,GA,11,Republican,https://loudermilk.house.gov,RepLoudermilk,reploudermilk,UC2Kfw8fjca8k3w3KpzL5tNg
Allen,Rick,1951-11-07,M,GA,12,Republican,https://allen.house.gov,reprickallen,CongressmanRickAllen,UCZPoYXHFDAV17BGLMzGAmpg
Bost,Mike,1960-12-30,M,IL,12,Republican,https://bost.house.gov,RepBost,RepBost,UCYA1psY06vSf3QadHuCrmjQ
Abraham,Ralph,1954-09-16,M,LA,5,Republican,https://abraham.house.gov,RepAbraham,CongressmanRalphAbraham,
Graves,Garret,1972-01-31,M,LA,6,Republican,https://garretgraves.house.gov,RepGarretGraves,CongressmanGarretGraves,UCQLg9GGwTDluEFJtXf8seTA
Moulton,Seth,1978-10-24,M,MA,6,Democrat,https://moulton.house.gov,teammoulton,CongressmanSethMoulton,UC5w5qn7nj5Ljy69LTV7a_fQ
Moolenaar,John,1961-05-08,M,MI,4,Republican,https://moolenaar.house.gov,RepMoolenaar,RepMoolenaar,UCnMvVN4a8roZu4crE0UW2DA
Dingell,Debbie,1953-11-23,F,MI,12,Democrat,https://debbiedingell.house.gov,RepDebDingell,RepDebbieDingell,UCnoP3KLT-HOvzDfC1-I-9lQ
Lawrence,Brenda,1954-10-18,F,MI,14,Democrat,https://lawrence.house.gov,RepLawrence,395759603917487,UCf0USy9GNigkB8O9sS1dodw
Emmer,Tom,1961-03-03,M,MN,6,Republican,https://emmer.house.gov,RepTomEmmer,reptomemmer,
Rouzer,David,1972-02-16,M,NC,7,Republican,https://rouzer.house.gov,RepDavidRouzer,RepRouzer,UCBvOxpqoGi1HlHjX9v_gHZw
Watson Coleman,Bonnie,1945-02-06,F,NJ,12,Democrat,https://watsoncoleman.house.gov,RepBonnie,RepBonnie,UCrxEaX0VKZKwg3930du2D5A
Zeldin,Lee,1980-01-30,M,NY,1,Republican,https://zeldin.house.gov,RepLeeZeldin,RepLeeZeldin,UCHzZuesCPDka2NhZO8icqzA
Rice,Kathleen,1965-02-15,F,NY,4,Democrat,https://kathleenrice.house.gov,RepKathleenRice,RepKathleenRice,UCLYLmjrGtzzCFXMWPBxHAug
Stefanik,Elise,1984-07-02,F,NY,21,Republican,https://stefanik.house.gov,RepStefanik,RepEliseStefanik,UCHvf42C8Vw6QnjwO2L2ukKA
Katko,John,1962-11-09,M,NY,24,Republican,https://katko.house.gov,RepJohnKatko,RepJohnKatko,
Boyle,Brendan,1977-02-06,M,PA,2,Democrat,https://boyle.house.gov,CongBoyle,CongressmanBoyle,UCMP_Anj7lz4eZuSh8GwFqQQ
Hurd,Will,1977-08-19,M,TX,23,Republican,https://hurd.house.gov,hurdonthehill,HurdOnTheHill,UCjWcn2lgGCZbwPs6lKxlziQ
Babin,Brian,1948-03-23,M,TX,36,Republican,https://babin.house.gov,RepBrianBabin,RepBrianBabin,UCPVEZgw-VbDRbLV1MRGVQNQ
Beyer,Donald,1950-06-20,M,VA,8,Democrat,https://beyer.house.gov,RepDonBeyer,RepDonBeyer,UCPJGVbOVcAVGiBwq8qr_T9w
Plaskett,Stacey,1966-05-13,F,VI,0,Democrat,https://plaskett.house.gov,staceyplaskett,repstaceyplaskett,UC3V7biFZHDFHDFZy6cCSZUA
Newhouse,Dan,1955-07-10,M,WA,4,Republican,https://newhouse.house.gov,RepNewhouse,RepNewhouse,UCllbsv_aoIaPS6W3aSonZlw
Grothman,Glenn,1955-07-03,M,WI,6,Republican,https://grothman.house.gov,RepGrothman,RepGrothman,UCui4k83Cot4aeVW_8T33fgg
Mooney,Alex,1971-06-05,M,WV,2,Republican,https://mooney.house.gov,RepAlexMooney,CongressmanAlexMooney,UCw9CGkF4Re3areluI43TGyA
Amata,Aumua,1947-12-29,F,AS,0,Republican,https://radewagen.house.gov,RepAmata,aumuaamata,UCGdrLQbt1PYDTPsampx4t1A
Walker,Mark,1969-05-20,M,NC,6,Republican,https://walker.house.gov,RepMarkWalker,RepMarkWalker,UC2w0KJe43jr0Hlhi6J5smhg
Kelly,Trent,1966-03-01,M,MS,1,Republican,https://trentkelly.house.gov,reptrentkelly,reptrentkelly,UCtDrz-8tdg4ZgOAQHToSWaQ
LaHood,Darin,1968-07-05,M,IL,18,Republican,https://lahood.house.gov,RepLaHood,replahood,UCVRbtFwaBGcixZIkygtalRw
Davidson,Warren,1970-03-01,M,OH,8,Republican,https://davidson.house.gov,WarrenDavidson,CongressmanWarrenDavidson,UCMzuyZWzk44YRNesFzPTeUw
Comer,James,1972-08-19,M,KY,1,Republican,https://comer.house.gov,RepJamesComer,congressmancomer,
Evans,Dwight,1954-05-16,M,PA,3,Democrat,https://evans.house.gov,RepDwightEvans,RepDwightEvans,
Schneider,Bradley,1961-08-20,M,IL,10,Democrat,https://schneider.house.gov,repschneider,CongressmanBradSchneider,
O’Halleran,Tom,1946-01-24,M,AZ,1,Democrat,https://ohalleran.house.gov,repohalleran,repohalleran,
Biggs,Andy,1958-11-07,M,AZ,5,Republican,https://biggs.house.gov,RepAndyBiggsAZ,RepAndyBiggs,UCqSq9kWOxk9yNTeILBCVC1w
Khanna,Ro,1976-09-13,M,CA,17,Democrat,https://khanna.house.gov,RepRoKhanna,RepRoKhanna,UCr4KOYv1o1oEQhy1jhhm3pQ
Panetta,Jimmy,1969-10-01,M,CA,20,Democrat,https://panetta.house.gov,RepJimmyPanetta,RepJimmyPanetta,UCmw-aERG51C96edMDPN7fXQ
Carbajal,Salud,1964-11-18,M,CA,24,Democrat,https://carbajal.house.gov,RepCarbajal,repsaludcarbajal,
Barragán,Nanette,1976-09-15,F,CA,44,Democrat,https://barragan.house.gov,RepBarragan,CongresswomanBarragan,
Correa,J.,1958-01-24,M,CA,46,Democrat,https://correa.house.gov,reploucorrea,RepLouCorrea,UCIKJJp4QJIDjnjodc23qKkw
Blunt Rochester,Lisa,1962-02-10,F,DE,0,Democrat,https://bluntrochester.house.gov,RepLBR,Rep.BluntRochester,
Gaetz,Matt,1982-05-07,M,FL,1,Republican,https://gaetz.house.gov,RepMattGaetz,CongressmanMattGaetz,UClqXcJew_A3s8qiX-T4a9CA
Dunn,Neal,1953-02-16,M,FL,2,Republican,https://dunn.house.gov,drnealdunnfl2,drnealdunnfl2,UCRTGfrYP-RuDzJ2KGok7TRA
Rutherford,John,1952-09-02,M,FL,4,Republican,https://rutherford.house.gov,RepRutherfordFL,RepRutherfordFL,
Lawson,Al,1948-09-23,M,FL,5,Democrat,https://lawson.house.gov,RepAlLawsonJr,RepAlLawsonJr,
Murphy,Stephanie,1978-09-16,F,FL,7,Democrat,https://murphy.house.gov,RepStephMurphy,RepStephMurphy,
Soto,Darren,1978-02-25,M,FL,9,Democrat,https://soto.house.gov,RepDarrenSoto,CongressmanDarrenSoto,
Demings,Val,1957-03-12,F,FL,10,Democrat,https://demings.house.gov,RepValDemings,RepresentativeValDemings,UCkcshqwFNJG6XeduOforhig
Crist,Charlie,1956-07-24,M,FL,13,Democrat,https://crist.house.gov,repcharliecrist,RepCharlieCrist,
Mast,Brian,1980-07-10,M,FL,18,Republican,https://mast.house.gov,repbrianmast,repbrianmast,
Rooney,Francis,1953-12-04,M,FL,19,Republican,https://francisrooney.house.gov,RepRooney,RepRooney,UC5dLBbrW1JwIGs9h248lk6g
Ferguson,A.,1966-11-15,M,GA,3,Republican,https://ferguson.house.gov,RepDrewFerguson,RepDrewFerguson,UCuK7_j2sREWi_7wBAN477bg
Krishnamoorthi,Raja,1973-07-19,M,IL,8,Democrat,https://krishnamoorthi.house.gov,congressmanraja,congressmanraja,
Banks,Jim,1979-07-16,M,IN,3,Republican,https://banks.house.gov,RepJimBanks,RepJimBanks,UC_FR6TySW9uxvhjozkis6Xg
Hollingsworth,Trey,1983-09-12,M,IN,9,Republican,https://hollingsworth.house.gov,reptrey,reptrey,UCTgS8a_zLg8HpUnk5WXY5ag
Marshall,Roger,1960-08-09,M,KS,1,Republican,https://marshall.house.gov,RepMarshall,rogermarshallmd,UCR3nOFMqBB-kRpKFwgapMaQ
Higgins,Clay,1961-08-24,M,LA,3,Republican,https://clayhiggins.house.gov,RepClayHiggins,CongressmanClayHiggins,
Johnson,Mike,1972-01-30,M,LA,4,Republican,https://mikejohnson.house.gov,RepMikeJohnson,RepMikeJohnson,UCzqBEpeIaDEfvAtsA53Fx2Q
Brown,Anthony,1961-11-21,M,MD,4,Democrat,https://anthonybrown.house.gov,RepAnthonyBrown,RepAnthonyBrown,
Raskin,Jamie,1962-12-13,M,MD,8,Democrat,https://raskin.house.gov,repraskin,repraskin,UChxDE6vho5BfBTOqiBsDmKg
Bergman,Jack,1947-02-02,M,MI,1,Republican,https://bergman.house.gov,RepJackBergman,RepJackBergman,
Mitchell,Paul,1961-05-08,M,MI,10,Republican,https://mitchell.house.gov,RepPaulMitchell,reppaulmitchell,UCisQXodHJRZDaLtFMq_TzWg
Budd,Ted,1971-10-21,M,NC,13,Republican,https://budd.house.gov,RepTedBudd,RepTedBudd,
Bacon,Don,1963-08-16,M,NE,2,Republican,https://bacon.house.gov,repdonbacon,RepDonBacon,UCR9abI1lZzAZ6HwQXc-dLFQ
Gottheimer,Josh,1975-03-08,M,NJ,5,Democrat,https://gottheimer.house.gov,RepJoshG,RepJoshG,
Suozzi,Thomas,1962-08-31,M,NY,3,Democrat,https://suozzi.house.gov,RepTomSuozzi,RepTomSuozzi,UCHjLmETJ7qXtciV7dlAzzgQ
Espaillat,Adriano,1954-09-27,M,NY,13,Democrat,https://espaillat.house.gov,RepEspaillat,RepEspaillat,UCi0niBYFhEY70Dz8InbX5OQ
Fitzpatrick,Brian,1973-12-17,M,PA,1,Republican,https://fitzpatrick.house.gov,repbrianfitz,repbrianfitzpatrick,UCYMNcgHss4_Q5JY2vSvMpgw
Smucker,Lloyd,1964-01-23,M,PA,11,Republican,https://smucker.house.gov,RepSmucker,RepSmucker,UCs5iMvWy-oTHyf5HuwB7FCg
González-Colón,Jenniffer,1976-08-05,F,PR,0,Republican,https://gonzalez-colon.house.gov,repjenniffer,RepJennifferGonzalezColon,UCZj99h3-GNKjGGeyp7AJeXw
Kustoff,David,1966-10-08,M,TN,8,Republican,https://kustoff.house.gov,repdavidkustoff,RepDavidKustoff,UCK6U4plOKKMrCjv_h59spGQ
Gonzalez,Vicente,1967-09-04,M,TX,15,Democrat,https://gonzalez.house.gov,RepGonzalez,USCongressmanVicenteGonzalez,UC5H6oYLKQ_xIXO5CG7fh4hw
Arrington,Jodey,1972-03-09,M,TX,19,Republican,https://arrington.house.gov,RepArrington,JodeyArrington,
McEachin,A.,1961-10-10,M,VA,4,Democrat,https://mceachin.house.gov,RepMcEachin,RepMcEachin,UCMoPYHuZ3fZho0ZixZCfiFg
Jayapal,Pramila,1965-09-21,F,WA,7,Democrat,https://jayapal.house.gov,RepJayapal,RepJayapal,UCmyD0_-2Oowkfwc_Raghclw
Gallagher,Mike,1984-03-03,M,WI,8,Republican,https://gallagher.house.gov,RepGallagher,RepMikeGallagher,
Cheney,Liz,1966-07-28,F,WY,0,Republican,https://cheney.house.gov,RepLizCheney,replizcheney,UCvL57Zp99QdDllF-KGziUAA
Estes,Ron,1956-07-19,M,KS,4,Republican,https://estes.house.gov,RepRonEstes,RepRonEstes,UC2clc28qcehIqotHQcthnWA
Gianforte,Greg,1961-04-17,M,MT,0,Republican,https://gianforte.house.gov,,RepGianforte,UCj4ocM2PHNKBbmMQF8k-wsQ
Norman,Ralph,1953-06-20,M,SC,5,Republican,https://norman.house.gov,RepRalphNorman,RepRalphNorman,
Gomez,Jimmy,1974-11-25,M,CA,34,Democrat,https://gomez.house.gov,RepJimmyGomez,RepJimmyGomez,
Curtis,John,1960-05-10,M,UT,3,Republican,https://curtis.house.gov,RepJohnCurtis,RepJohnCurtis,UChAQ4MD-HigmGnImSoAKBVA
Lamb,Conor,1984-06-27,M,PA,17,Democrat,https://lamb.house.gov,RepConorLamb,RepConorLamb,UC7hX59n_ixS1Bz3f8Je02yA
Lesko,Debbie,1958-11-14,F,AZ,8,Republican,https://lesko.house.gov,RepDLesko,RepDebbieLesko,
Cloud,Michael,1975-05-13,M,TX,27,Republican,https://cloud.house.gov,RepCloudTX,,
Balderson,Troy,1962-01-16,M,OH,12,Republican,https://balderson.house.gov,RepBalderson,,
Hern,Kevin,1961-12-04,M,OK,1,Republican,https://hern.house.gov,repkevinhern,,
Morelle,Joseph,1957-04-29,M,NY,25,Democrat,https://morelle.house.gov,RepJoeMorelle,,
Scanlon,Mary,1959-08-30,F,PA,5,Democrat,https://scanlon.house.gov,RepMGS,,
Wild,Susan,1957-06-07,F,PA,7,Democrat,https://wild.house.gov,RepSusanWild,,
Case,Ed,1952-09-27,M,HI,1,Democrat,https://case.house.gov,RepEdCase,,
Horsford,Steven,1973-04-29,M,NV,4,Democrat,https://horsford.house.gov,RepHorsford,,
Kirkpatrick,Ann,1950-03-24,F,AZ,2,Democrat,https://kirkpatrick.house.gov,RepKirkpatrick,,
Stanton,Greg,1970-03-08,M,AZ,9,Democrat,https://stanton.house.gov,RepGregStanton,,
Harder,Josh,1986-08-01,M,CA,10,Democrat,https://harder.house.gov,RepJoshHarder,,
Cox,TJ,1963-07-18,M,CA,21,Democrat,https://cox.house.gov,RepTjCox,,
Cisneros,Gilbert,1971-02-12,M,CA,39,Democrat,https://cisneros.house.gov,RepGilCisneros,,
Porter,Katie,1974-01-03,F,CA,45,Democrat,https://porter.house.gov,RepKatiePorter,,
Rouda,Harley,1961-12-10,M,CA,48,Democrat,https://rouda.house.gov,RepHarley,,
Levin,Mike,1978-10-28,M,CA,49,Democrat,https://mikelevin.house.gov,RepMikeLevin,,
Neguse,Joe,1984-05-13,M,CO,2,Democrat,https://neguse.house.gov,RepJoeNeguse,,
Crow,Jason,1979-03-15,M,CO,6,Democrat,https://crow.house.gov,RepJasonCrow,,
Hayes,Jahana,1973-03-08,F,CT,5,Democrat,https://hayes.house.gov,RepJahanaHayes,,
Waltz,Michael,1974-01-31,M,FL,6,Republican,https://waltz.house.gov,RepMichaelWaltz,,
Spano,Ross,1966-07-16,M,FL,15,Republican,https://spano.house.gov,RepRossSpano,,
Steube,W.,1978-05-19,M,FL,17,Republican,https://steube.house.gov,RepGregSteube,,
Mucarsel-Powell,Debbie,1971-01-18,F,FL,26,Democrat,https://mucarsel-powell.house.gov,RepDMP,,
Shalala,Donna,1941-02-14,F,FL,27,Democrat,https://shalala.house.gov,RepShalala,,
McBath,Lucy,1960-06-01,F,GA,6,Democrat,https://mcbath.house.gov,replucymcbath,,
San Nicolas,Michael,1981-01-30,M,GU,0,Democrat,https://sannicolas.house.gov,GuamCongressman,CongressmanMichaelF.Q.SanNicolas,UCVroMJWH3jsh4shPSlp24sw
Finkenauer,Abby,1988-12-27,F,IA,1,Democrat,https://finkenauer.house.gov,RepFinkenauer,,
Axne,Cynthia,1965-04-20,F,IA,3,Democrat,https://axne.house.gov,RepCindyAxne,,
Fulcher,Russ,1973-07-19,M,ID,1,Republican,https://fulcher.house.gov,RepRussFulcher,,
García,Jesús,1956-04-12,M,IL,4,Democrat,https://chuygarcia.house.gov,RepChuyGarcia,,
Casten,Sean,1971-11-23,M,IL,6,Democrat,https://casten.house.gov,RepCasten,,
Underwood,Lauren,1986-10-04,F,IL,14,Democrat,https://underwood.house.gov,RepUnderwood,,
Baird,James,1945-06-04,M,IN,4,Republican,https://baird.house.gov,RepJimBaird,,
Pence,Greg,1956-11-14,M,IN,6,Republican,https://pence.house.gov,RepGregPence,,
Watkins,Steven,1976-09-18,M,KS,2,Republican,https://watkins.house.gov,Rep_Watkins,,
Davids,Sharice,1980-05-22,F,KS,3,Democrat,https://davids.house.gov,RepDavids,,
Trahan,Lori,1973-10-27,F,MA,3,Democrat,https://trahan.house.gov,RepLoriTrahan,,
Pressley,Ayanna,1974-02-03,F,MA,7,Democrat,https://pressley.house.gov,RepPressley,,
Trone,David,1955-09-21,M,MD,6,Democrat,https://trone.house.gov,repdavidtrone,,
Slotkin,Elissa,1976-07-10,F,MI,8,Democrat,https://slotkin.house.gov,RepSlotkin,,
Levin,Andy,1960-08-01,M,MI,9,Democrat,https://andylevin.house.gov,RepAndyLevin,,
Stevens,Haley,1983-06-24,F,MI,11,Democrat,https://stevens.house.gov,RepHaleyStevens,,
Tlaib,Rashida,1976-07-24,F,MI,13,Democrat,https://tlaib.house.gov,RepRashida,,
Hagedorn,Jim,1962-08-04,M,MN,1,Republican,https://hagedorn.house.gov,RepHagedorn,,
Craig,Angie,1972-02-14,F,MN,2,Democrat,https://craig.house.gov,RepAngieCraig,,
Phillips,Dean,1969-01-20,M,MN,3,Democrat,https://phillips.house.gov,RepDeanPhillips,,
Omar,Ilhan,1981-10-04,F,MN,5,Democrat,https://omar.house.gov,Ilhan,,
Stauber,Pete,1966-05-10,M,MN,8,Republican,https://stauber.house.gov,RepPeteStauber,,
Guest,Michael,1970-02-04,M,MS,3,Republican,https://guest.house.gov,RepMichaelGuest,,
Armstrong,Kelly,1976-10-08,M,ND,0,Republican,https://armstrong.house.gov,RepArmstrongND,,
Pappas,Chris,1980-06-04,M,NH,1,Democrat,https://pappas.house.gov,RepChrisPappas,,
Van Drew,Jefferson,1953-02-23,M,NJ,2,Republican,https://vandrew.house.gov,CongressmanJVD,,
Kim,Andy,1982-07-12,M,NJ,3,Democrat,https://kim.house.gov,RepAndyKimNJ,,
Malinowski,Tom,1965-09-23,M,NJ,7,Democrat,https://malinowski.house.gov,RepMalinowski,,
Sherrill,Mikie,1972-01-19,F,NJ,11,Democrat,https://sherrill.house.gov,RepSherrill,,
Haaland,Debra,1960-12-02,F,NM,1,Democrat,https://haaland.house.gov,RepDebHaaland,,
Torres Small,Xochitl,1984-11-15,F,NM,2,Democrat,https://torressmall.house.gov,RepTorresSmall,,
Lee,Susie,1966-11-07,F,NV,3,Democrat,https://susielee.house.gov,RepSusieLee,,
Rose,Max,1986-11-28,M,NY,11,Democrat,https://maxrose.house.gov,RepMaxRose,,
Ocasio-Cortez,Alexandria,1989-10-13,F,NY,14,Democrat,https://ocasio-cortez.house.gov,RepAOC,,
Delgado,Antonio,1977-01-19,M,NY,19,Democrat,https://delgado.house.gov,repdelgado,,
Brindisi,Anthony,1978-11-22,M,NY,22,Democrat,https://brindisi.house.gov,RepBrindisi,,
Gonzalez,Anthony,1984-09-19,M,OH,16,Republican,https://anthonygonzalez.house.gov,RepAGonzalez,,
Horn,Kendra,1976-06-09,F,OK,5,Democrat,https://horn.house.gov,RepKendraHorn,,
Dean,Madeleine,1959-06-06,F,PA,4,Democrat,https://dean.house.gov,RepDean,,
Houlahan,Chrissy,1967-06-05,F,PA,6,Democrat,https://houlahan.house.gov,RepHoulahan,,
Meuser,Daniel,1964-02-10,M,PA,9,Republican,https://meuser.house.gov,RepMeuser,,
Joyce,John,1957-02-08,M,PA,13,Republican,https://johnjoyce.house.gov,RepJohnJoyce,,
Reschenthaler,Guy,1983-04-17,M,PA,14,Republican,https://reschenthaler.house.gov,GReschenthaler,,
Cunningham,Joe,1982-05-26,M,SC,1,Democrat,https://cunningham.house.gov,RepCunningham,,
Timmons,William,1984-04-30,M,SC,4,Republican,https://timmons.house.gov,RepTimmons,,
Johnson,Dusty,1976-09-30,M,SD,0,Republican,https://dustyjohnson.house.gov,RepDustyJohnson,,
Burchett,Tim,1964-08-25,M,TN,2,Republican,https://burchett.house.gov,RepTimBurchett,,
Rose,John,1965-02-23,M,TN,6,Republican,https://johnrose.house.gov,RepJohnRose,,
Green,Mark,1964-11-08,M,TN,7,Republican,https://markgreen.house.gov,RepMarkGreen,,
Crenshaw,Dan,1984-03-14,M,TX,2,Republican,https://crenshaw.house.gov,RepDanCrenshaw,,
Taylor,Van,1972-08-01,M,TX,3,Republican,https://vantaylor.house.gov,RepVanTaylor,,
Gooden,Lance,1982-12-01,M,TX,5,Republican,https://gooden.house.gov,RepLanceGooden,,
Wright,Ron,1953-04-08,M,TX,6,Republican,https://wright.house.gov,RepRonWright,,
Fletcher,Lizzie,1975-02-13,F,TX,7,Democrat,https://fletcher.house.gov,RepFletcher,,
Escobar,Veronica,1969-09-15,F,TX,16,Democrat,https://escobar.house.gov,RepEscobar,,
Roy,Chip,1972-08-07,M,TX,21,Republican,https://roy.house.gov,RepChipRoy,,
Garcia,Sylvia,1950-09-06,F,TX,29,Democrat,https://sylviagarcia.house.gov,RepSylviaGarcia,,
Allred,Colin,1983-04-15,M,TX,32,Democrat,https://allred.house.gov,RepColinAllred,,
McAdams,Ben,1974-12-05,M,UT,4,Democrat,https://mcadams.house.gov,RepBenMcAdams,,
Luria,Elaine,1975-08-15,F,VA,2,Democrat,https://luria.house.gov,RepElaineLuria,,
Riggleman,Denver,1970-03-01,M,VA,5,Republican,https://riggleman.house.gov,RepRiggleman,,
Cline,Ben,1972-02-29,M,VA,6,Republican,https://cline.house.gov,RepBenCline,,
Spanberger,Abigail,1979-08-07,F,VA,7,Democrat,https://spanberger.house.gov,RepSpanberger,,
Wexton,Jennifer,1968-05-27,F,VA,10,Democrat,https://wexton.house.gov,RepWexton,,
Schrier,Kim,1968-08-23,F,WA,8,Democrat,https://schrier.house.gov,RepKimSchrier,,
Steil,Bryan,1981-03-30,M,WI,1,Republican,https://steil.house.gov,RepBryanSteil,,
Miller,Carol,1950-11-04,F,WV,3,Republican,https://miller.house.gov,RepCarolMiller,,
Golden,Jared,1982-07-25,M,ME,2,Democrat,https://golden.house.gov,repgolden,,
Keller,Fred,1965-10-23,M,PA,12,Republican,https://keller.house.gov,RepFredKeller,CongressmanFredKeller,UC_IluBx9m7HWoNhEYSoPQNQ
Bishop,Dan,1964-07-01,M,NC,9,Republican,https://danbishop.house.gov/,RepDanBishop,repdanbishop,
Murphy,Gregory,1963-03-05,M,NC,3,Republican,https://gregmurphy.house.gov/,RepGregMurphy,RepGregMurphy,
Mfume,Kweisi,1948-10-24,M,MD,7,Democrat,,RepKweisiMfume,RepKweisiMfume,
Tiffany,Thomas,1957-12-30,M,WI,7,Republican,,,,
Garcia,Mike,1976-04-24,M,CA,25,Republican,,repmikegarcia,RepMikeGarcia,
Jacobs,Chris,1966-11-28,M,NY,27,Republican,,,,
